City_ID,City,Country,Max Temp,Current Description,Lat,Lng,Hotel Name
0,Rikitea,PF,78.71,scattered clouds,-23.1203,-134.9692,People ThankYou
1,Tvoroyri,FO,40.39,overcast clouds,61.5556,-6.8111,Hilmarsstova a Hobbit Hole
2,East London,ZA,78.73,clear sky,-33.0153,27.9116,Tu Casa
3,Geraldton,AU,70.21,clear sky,-28.7667,114.6,Broadwater Mariner Resort
6,Hilo,US,68.11,few clouds,19.7297,-155.09,Hilo Hawaiian Hotel
7,Saint-Philippe,RE,78.39,few clouds,-21.3585,55.7679,"Chambres d'h√¥te ""La Trinit√©"""
8,Roma,US,41.38,overcast clouds,43.2128,-75.4557,Wingate By Wyndham Rome
9,Zhanaozen,KZ,39.61,overcast clouds,43.3,52.8,K.korabay 28A
11,Hamilton,US,32.4,overcast clouds,39.1834,-84.5333,Six Acres Bed & Breakfast
12,Vilhena,BR,82.62,broken clouds,-12.7406,-60.1458,Hotel Mirage
13,Jishou,CN,37.31,light rain,28.3167,109.7167,7 Days Inn
14,Ginda,IN,41.29,clear sky,30.6945,78.4932,Sunil Bisht
15,Trincomalee,LK,79.25,overcast clouds,8.5711,81.2335,Welcombe Hotel
16,Hithadhoo,MV,81.81,overcast clouds,-0.6,73.0833,Scoop Guest House
17,Jamestown,US,32.09,overcast clouds,42.097,-79.2353,Hampton Inn & Suites Jamestown
20,Kaitangata,NZ,50.94,overcast clouds,-46.2817,169.8464,Kaitangata Motor Camp
21,Punta Arenas,CL,57.31,few clouds,-53.15,-70.9167,Hotel Hain
23,Yeppoon,AU,71.38,scattered clouds,-23.1333,150.7333,Villa Mar Colina
24,Ushuaia,AR,47.86,broken clouds,-54.8,-68.3,Albatross Hotel
26,Alugan,PH,77.74,overcast clouds,12.2188,125.4808,JM Lodge
27,Acajutla,SV,89.8,clear sky,13.5928,-89.8275,Laureles
31,Arraial Do Cabo,BR,82.36,scattered clouds,-22.9661,-42.0278,Pousada Porto Praia
32,Busselton,AU,57.09,clear sky,-33.65,115.3333,Observatory Guest House
33,Lebu,CL,68.86,clear sky,-37.6167,-73.65,Hostal Las Lilas
36,Ilulissat,GL,33.82,broken clouds,69.2167,-51.1,Hotel Arctic
37,Mataura,NZ,51.48,overcast clouds,-46.1927,168.8643,Ellie's Villa
38,Avarua,CK,71.65,overcast clouds,-21.2078,-159.775,Paradise Inn
39,Cape Town,ZA,72.27,clear sky,-33.9258,18.4232,Southern Sun Waterfront Cape Town
40,Te Anau,NZ,46.04,overcast clouds,-45.4167,167.7167,Kingsgate Hotel Te Anau
41,Sitka,US,39.09,light rain,57.0531,-135.33,Westmark Sitka
42,Hasaki,JP,30.6,scattered clouds,35.7333,140.8333,Hotel Sunrise Choshi
44,Westport,US,60.78,clear sky,41.1415,-73.3579,The Westport Inn
45,Margate,GB,42.96,overcast clouds,51.3813,1.3862,Premier Inn Margate hotel
46,Hofn,IS,26.44,overcast clouds,64.2539,-15.2082,H√≥tel H√∂fn
47,Alofi,NU,81.82,light rain,-19.0595,-169.9187,Taloa Heights
48,Bluff,NZ,51.8,broken clouds,-46.6,168.3333,Bluff Homestead - Guesthouse & Campervan Park
49,Port Alfred,ZA,77.31,clear sky,-33.5906,26.891,The Halyards Hotel
50,Nicoya,CR,87.35,clear sky,10.1483,-85.452,Las Cabinas Del Sue√±o
51,Igboho,NG,94.21,scattered clouds,8.8333,3.75,More Hotet LTD
55,Svetlyy,RU,33.85,broken clouds,54.675,20.1347,"Gostinitsa-Kafe, Alena"
57,Kapaa,US,66.18,scattered clouds,22.0752,-159.319,Sheraton Kauai Coconut Beach Resort
58,Coihaique,CL,77.61,clear sky,-45.5752,-72.0662,Diego De Almagro Coyhaique
59,Carnarvon,AU,82.47,overcast clouds,-24.8667,113.6333,Hospitality Carnarvon
60,Demidov,RU,25.34,few clouds,55.2706,31.515,Mini-Hotel on Prosveshcheniya
61,Insar,RU,26.82,light snow,53.8653,44.3738,"Dom Otdykha ""Vasyuk"""
62,Nishihara,JP,69.08,mist,26.1842,127.7558,Minshuku Agaihama
63,New Norfolk,AU,54.75,broken clouds,-42.7826,147.0587,The Shingles Riverside Cottages
64,Preston,GB,47.32,overcast clouds,53.7667,-2.7167,Legacy Preston International Hotel - managed by Legacy Hotels and Resorts
65,Hermanus,ZA,70.9,overcast clouds,-34.4187,19.2345,Misty Waves Boutique Hotel
66,Narsaq,GL,32.22,snow,60.9167,-46.05,Sleep In Narsaq
67,Waingapu,ID,77.02,overcast clouds,-9.6567,120.2641,Pondok Wisata Elim
68,Tonj,SS,87.17,clear sky,7.2737,28.6822,Lakan Hotel
69,Vaini,TO,80.83,broken clouds,-21.2,-175.2,Keleti Beach Resort
70,Bethel,US,57.92,broken clouds,41.3712,-73.414,Courtyard by Marriott Danbury
72,Hobart,AU,55.11,broken clouds,-42.8794,147.3294,Mantra on Collins Hobart
73,Wajima,JP,40.44,overcast clouds,37.4,136.9,Wajiima Onsen Yashio
74,Atuona,PF,77.31,light rain,-9.8,-139.0333,Villa Enata
75,Bandarbeyla,SO,76.86,scattered clouds,9.4942,50.8122,JABIR HOTEL
76,San Patricio,US,66.29,few clouds,28.017,-97.5169,"Motel 6 Sinton, TX"
78,Pisco,PE,76.01,clear sky,-13.7,-76.2167,Hotel San Isidro Oficial
79,Salalah,OM,77.09,broken clouds,17.0151,54.0924,"HAMDAN PLAZA HOTEL SALALAH, an HTG Hotel"
80,Canico,PT,67.71,scattered clouds,32.6333,-16.85,Quinta Splendida Wellness & Botanical Garden
81,Griffith,US,21.04,clear sky,41.5284,-87.4237,"Motel 6 Hammond, IN - Chicago Area"
82,Atar,MR,82.99,few clouds,20.5169,-13.0499,Oumou Elghoura
83,Berlevag,NO,26.6,overcast clouds,70.8578,29.0864,Kvitbrakka
85,Bredasdorp,ZA,70.92,broken clouds,-34.5322,20.0403,Bredasdorp Country Manor
86,Mumbwa,ZM,66.4,light rain,-14.9783,27.0619,Mumbwa Motel
87,Manono,CD,73.92,overcast clouds,-7.3,27.4167,Hotel hewa bora
88,Bintulu,MY,75.61,light rain,3.1667,113.0333,900 Boutique INN
89,Port Hardy,CA,38.75,fog,50.6996,-127.4199,Airport Inn-Port Hardy
90,Springbok,ZA,78.53,overcast clouds,-29.6643,17.8865,Undulata Country Lodge
91,Shimoda,JP,42.91,overcast clouds,34.6667,138.95,Shimoda Tokyu Hotel
92,Kahului,US,70.84,few clouds,20.8947,-156.47,Maui Seaside Hotel
93,Christchurch,NZ,51.03,moderate rain,-43.5333,172.6333,The George
95,Mar Del Plata,AR,64.42,scattered clouds,-38.0023,-57.5575,Gran Hotel Mar del Plata
96,Sawakin,SD,72.39,clear sky,19.1059,37.3321,ŸÅŸÜÿØŸÇ ÿßŸÑÿØŸàŸäŸÖ
97,Burnie,AU,60.67,broken clouds,-41.0667,145.9167,Beachfront Voyager Motor Inn
99,Puerto Ayora,EC,84.16,overcast clouds,-0.7393,-90.3518,Finch Bay Galapagos Hotel
101,Merchtem,BE,42.8,clear sky,50.9572,4.2303,Green Cottage
102,Castro,BR,79.79,clear sky,-24.7911,-50.0119,CHACARA BAILLY
103,Ribeira Grande,PT,63.0,broken clouds,38.5167,-28.7,Quinta da Meia Eira
104,Vanimo,PG,77.74,overcast clouds,-2.6741,141.3028,Vahmoneh Lodge Vanimo
105,Roebourne,AU,86.72,broken clouds,-20.7833,117.1333,Latitude20 Roebourne Village
106,Kamienna Gora,PL,34.18,few clouds,50.7831,16.0304,Ranczo. Agroturystyka
107,Jadu,LY,53.49,few clouds,31.953,12.0261,ÿßŸÖŸäÿßÿ≥ ŸÑŸÑÿµÿ±ÿßŸÅÿ©
108,Bambous Virieux,MU,80.85,scattered clouds,-20.3428,57.7575,Casa Tia Villa
109,Paamiut,GL,21.16,light snow,61.994,-49.6678,Pistut
110,Manta,EC,80.38,overcast clouds,-0.95,-80.7333,Balandra Hotel
111,Garissa,KE,90.05,broken clouds,-0.4536,39.6401,Sharif Plaza Hotel
114,Bairiki,KI,81.1,scattered clouds,1.3292,172.9752,Tarawa Boutique Hotel
116,Husavik,IS,22.91,broken clouds,66.0449,-17.3389,Bjarnab√∫√∞
118,Ahuimanu,US,72.46,scattered clouds,21.4447,-157.8378,Paradise Bay Resort
119,Mahebourg,MU,80.89,scattered clouds,-20.4081,57.7,Shandrani Beachcomber Resort & Spa
120,Vao,NC,79.95,overcast clouds,-22.6667,167.4833,Hotel Kou-Bugny
122,Souillac,MU,80.98,scattered clouds,-20.5167,57.5167,Shanti Maurice Resort & Spa
123,Tuensang,IN,47.03,few clouds,26.2833,94.8333,B.W.D Resthouse.
124,Ponta Delgada,PT,65.5,broken clouds,37.7333,-25.6667,Vila Nova Hotel
126,Grenville,GD,78.85,scattered clouds,12.1167,-61.6167,Valley Breeze Guest House
128,Tiarei,PF,77.02,overcast clouds,-17.5333,-149.3333,Le Rocher de Tahiti
129,Intibuca,HN,69.53,broken clouds,14.3167,-88.1667,Hotel Ipsan-Nah
131,Talara,PE,83.16,scattered clouds,-4.5772,-81.2719,Hostal Oro Negro
132,Bengkulu,ID,76.78,overcast clouds,-3.8004,102.2655,Grage Hotel Bengkulu
133,Jeremie,HT,82.24,few clouds,18.65,-74.1167,Auberge‚ÄôInn
135,Lao Cai,VN,63.82,overcast clouds,22.4833,103.95,Legend Hotel
136,Phulji,PK,65.73,clear sky,26.8825,67.6807,Irfan hotel Phulji
137,Saldanha,ZA,69.85,overcast clouds,-33.0117,17.9442,Blue Bay Lodge
138,Codrington,AU,63.93,few clouds,-38.2667,141.9667,Codrington Gardens Bed And Breakfast
140,Cabo San Lucas,MX,77.61,few clouds,22.8909,-109.9124,Hotel Tesoro Los Cabos
141,Santo Amaro Da Imperatriz,BR,86.95,clear sky,-27.6881,-48.7786,BBS Com√©rcio de Produtos Agropecu√°rios.
142,Morant Bay,JM,87.42,scattered clouds,17.8815,-76.4093,Whispering Bamboo Cove Resort
143,Stornoway,GB,44.56,moderate rain,58.2093,-6.3865,Caladh Inn
144,Kerman,IR,48.06,broken clouds,30.2832,57.0788,Ÿáÿ™ŸÑ ÿ¢Ÿæÿßÿ±ÿ™ŸÖÿßŸÜ ÿ¢ÿ≥ÿßŸÖ
145,Olinda,BR,87.53,few clouds,-8.0089,-34.8553,Pousada Sitio Do Carmo
146,Vestmannaeyjar,IS,34.79,broken clouds,63.4427,-20.2734,Glamping & Camping
147,Banda Aceh,ID,77.9,scattered clouds,5.5577,95.3222,Sulthan Hotel International
148,Kaspiyskiy,RU,41.14,overcast clouds,45.3929,47.3707,"Gostinitsa ""Gostevoy Dvor"""
149,Champerico,GT,92.77,clear sky,14.3,-91.9167,"Hotel y restaurante ""El Diamante"""
150,Arica,CL,83.75,clear sky,-18.475,-70.3042,Hostal Jardin Del Sol
152,Kirra,GR,55.8,overcast clouds,38.4333,22.45,Trokadero Hotel
153,Cody,US,26.2,clear sky,44.5263,-109.0565,"Holiday Inn Cody-at Buffalo Bill Village, an IHG Hotel"
154,Cabedelo,BR,88.47,scattered clouds,-6.9811,-34.8339,Hotel Pigalle
156,Wenling,CN,49.91,overcast clouds,28.3669,121.36,Hanting Express Wenling Wanchang North Road
157,Tura,IN,55.62,clear sky,25.5198,90.2201,Hotel RIKMAN Continental
159,Cockburn Town,TC,80.56,scattered clouds,21.4612,-71.1419,Osprey Beach Hotel
160,Pacific Grove,US,69.31,clear sky,36.6177,-121.9166,Lovers Point Inn
161,Black River,JM,84.2,clear sky,18.0264,-77.8487,Idlers' Rest Beach Hotel
163,Coquimbo,CL,69.53,few clouds,-29.9533,-71.3436,Hostel Del Puerto
164,Nanakuli,US,72.72,clear sky,21.3906,-158.1547,Camp PƒÅlehua
165,Katobu,ID,75.11,overcast clouds,-4.9408,122.5276,La Ode Husein
166,Pitimbu,BR,88.39,broken clouds,-7.4706,-34.8086,Reserva do Abia√≠
167,Sept-Iles,CA,35.06,broken clouds,50.2001,-66.3821,Comfort Inn
169,Ahipara,NZ,68.52,overcast clouds,-35.1667,173.1667,Ahipara Holiday Park
170,Komsomolskiy,UZ,40.42,fog,40.4272,71.7189,Ikathouse
171,Qurayyat,SA,55.58,clear sky,31.3318,37.3428,Resorts Kandel
172,Youghal,IE,49.68,overcast clouds,51.95,-7.8506,Quality Hotel and Leisure Centre Youghal
174,Katsuura,JP,41.14,overcast clouds,35.1333,140.3,Katsuura Hotel Mikazuki
175,Mahon,ES,54.16,clear sky,39.8885,4.2658,ARTIEM Capri
176,Comodoro Rivadavia,AR,84.06,clear sky,-45.8667,-67.5,Austral Hotel
177,Dhidhdhoo,MV,81.66,overcast clouds,6.8833,73.1,Dhidhoo beach
178,Broome,US,45.18,light snow,42.2506,-75.833,Chenango Valley State Park
180,Moerai,PF,79.29,overcast clouds,-22.4333,-151.3333,Le Manotel
181,Victoria,HK,68.18,overcast clouds,22.2855,114.1577,Mini Hotel Central
186,Butaritari,KI,82.08,broken clouds,3.0707,172.7902,Isles Sunset Lodge
187,Yamada,JP,33.4,broken clouds,39.4667,141.95,Iroha-ya Inn
188,Mecca,SA,76.3,clear sky,21.4267,39.8261,"Makkah Clock Royal Tower, A Fairmont Hotel"
189,Namibe,AO,78.75,scattered clouds,-15.1961,12.1522,Hotel Chik Chik Namibe
190,Gotsu,JP,41.45,scattered clouds,35.0,132.2167,Yurusato
191,Sitrah,BH,64.4,clear sky,26.1547,50.6206,Al Bander Resort
192,Cayenne,GF,82.44,overcast clouds,4.9333,-52.3333,H√¥tel Le Dronmi
193,Port Moresby,PG,74.43,overcast clouds,-9.4431,147.1797,Lamana Hotel (Port Moresby)
196,Constitucion,CL,72.84,clear sky,-35.3333,-72.4167,Hotel Boutique Las Azucenas
197,Roald,NO,42.94,broken clouds,62.5833,6.1333,Flem Cabins
200,Inhambane,MZ,78.57,scattered clouds,-23.865,35.3833,Oceano
201,Huarmey,PE,76.26,broken clouds,-10.0681,-78.1522,Hotel Miramar
202,Asfi,MA,64.38,clear sky,32.2994,-9.2372,H√¥tel Abda
203,Eyl,SO,76.17,broken clouds,7.9803,49.8164,Amiin Hotel
205,Kruisfontein,ZA,72.72,scattered clouds,-34.0033,24.7314,Oyster Bay House Rental
206,Umea,SE,26.53,clear sky,63.8284,20.2597,ProfilHotels | Aveny
207,Manggar,ID,78.82,overcast clouds,-2.8833,108.2667,Guest Hotel
209,Ancud,CL,77.23,broken clouds,-41.8697,-73.8203,Hotel Arena Gruesa
210,Saint George,US,54.54,clear sky,37.1041,-113.5841,Best Western Plus Abbey Inn
212,Esperance,AU,64.4,overcast clouds,-33.8667,121.9,Hospitality Esperance
213,Guerrero Negro,MX,67.08,overcast clouds,27.9769,-114.0611,"Casa Laguna, Bed & Breakfast"
214,Kununurra,AU,78.78,few clouds,-15.7667,128.7333,Hotel Kununurra
216,Rio Gallegos,AR,68.05,scattered clouds,-51.6226,-69.2181,Hotel Santa Cruz
217,Savannah Bight,HN,84.25,clear sky,16.45,-85.85,Villa on Dunbar Rock
218,Tautira,PF,77.02,light rain,-17.7333,-149.15,Pension Oaoa
219,Kamennomostskiy,RU,38.07,few clouds,44.2983,40.1856,Guest House Behind the river
220,Broken Hill,AU,75.22,clear sky,-31.95,141.4333,Royal Exchange Hotel
223,Nouakchott,MR,89.53,broken clouds,18.0858,-15.9785,HOTEL IMAN
224,Chipinge,ZW,65.86,scattered clouds,-20.1883,32.6236,Chipinge Breeze Lodge
227,Nikolskoye,RU,35.71,snow,59.7035,30.7861,Tourist House - Sablino
228,Homer,US,34.77,light snow,59.6425,-151.5483,Beluga Lake Lodge
229,Saraza,PH,78.66,light rain,8.7356,117.78,Farmqo Beach (Matangkay)
232,San Jose De Ocoa,DO,83.89,scattered clouds,18.55,-70.5,Hotel El Barcon
233,Bow Island,CA,37.42,overcast clouds,49.8668,-111.3684,Silver Sage Motel
235,Mount Gambier,AU,61.9,broken clouds,-37.8333,140.7667,The Commodore
236,Moron,AR,70.95,broken clouds,-34.6534,-58.6198,Hotel Mor√≥n
237,Ternate,ID,80.11,overcast clouds,0.8,127.4,Sahid Bela Ternate Hotel
239,Mount Vernon,US,59.04,scattered clouds,40.9126,-73.8371,Ramada by Wyndham Bronx
240,Padang,ID,77.97,overcast clouds,-0.9492,100.3543,Mercure Padang
241,Valdivia,CL,75.29,broken clouds,-39.8142,-73.2459,Hostal Entre Rios
242,Gondanglegi,ID,73.8,moderate rain,-7.7479,112.0132,pondok pesantren mamba'ul 'ulum selo rejo
243,Nikki,BJ,93.87,broken clouds,9.9401,3.2108,Hotel John
245,Georgetown,MY,82.89,few clouds,5.4112,100.3354,Cititel Penang
246,Sorland,NO,32.16,scattered clouds,67.667,12.6934,Sjybrygga fiskecamp
247,Redmond,US,47.73,clear sky,47.674,-122.1215,Seattle Marriott Redmond
248,Ketchikan,US,40.98,overcast clouds,55.3422,-131.6461,Snow's Cove Lodge
249,Mangrol,IN,70.88,clear sky,21.1167,70.1167,Hotel The Royal Honours
250,Half Moon Bay,US,65.88,haze,37.4636,-122.4286,"The Ritz-Carlton, Half Moon Bay"
252,Armidale,AU,50.81,scattered clouds,-30.5167,151.65,Abbotsleigh Motor Inn
253,Sawtell,AU,68.02,overcast clouds,-30.3833,153.1,The Bungalow Sawtell
254,Pochutla,MX,87.62,scattered clouds,15.7432,-96.4661,Hotel Posada San Jose
256,Elat,IL,66.04,clear sky,29.5581,34.9482,Club Hotel Eilat
258,Palmer,US,60.62,overcast clouds,42.1584,-72.3287,Wedgewood Motel
259,Kenai,US,24.15,few clouds,60.5544,-151.2583,Aspen Extended Stay Suites
260,Kalabo,ZM,71.29,light rain,-14.97,22.6814,Sikakubete Guest House Kalabo Town Council
261,Willowmore,ZA,89.87,broken clouds,-33.2926,23.4895,Jumper's Place
263,Karratha,AU,86.49,broken clouds,-20.7377,116.8463,ibis Styles Karratha
264,Kazan,RU,29.01,light snow,55.7887,49.1221,Bon Ami
266,Ugoofaaru,MV,81.7,overcast clouds,5.6667,73.0,Ungoofaaru Inn
267,Sabya,SA,80.22,broken clouds,17.1495,42.6254,Aseel Hotel Apartment
269,Manturovo,RU,20.66,overcast clouds,58.3353,44.7619,Prosto–•–æ—Å—Ç–µ–ª
270,Am Timan,TD,86.88,broken clouds,11.0297,20.2827,Palais du chef Canton Salamt
271,Sibolga,ID,76.03,broken clouds,1.7427,98.7792,Hotel Syariah CN Darussalam
272,Mareeba,AU,74.12,scattered clouds,-17.0,145.4333,Trinity Plains Tourist Park
273,Bambari,CF,90.12,scattered clouds,5.768,20.6757,Hotel-Restaurant BIBICH
274,Ulladulla,AU,62.1,overcast clouds,-35.35,150.4667,Sandpiper Motel
276,Codo,BR,84.4,broken clouds,-4.4553,-43.8856,Hotel Porto do Sol
277,Katherine,AU,79.12,clear sky,-14.4667,132.2667,Pine Tree Motel
279,San Cristobal,VE,77.18,overcast clouds,7.7669,-72.225,Posada Villaven C.A.
280,Ambilobe,MG,73.36,moderate rain,-13.2,49.05,H√¥tel & Restaurant DIANA Ambilobe
281,Gawler,AU,73.22,scattered clouds,-34.6,138.7333,Eagle Foundry Bed & Breakfast
283,San Marcos,US,81.73,clear sky,33.1434,-117.1661,Hampton Inn San Marcos
284,Saint-Joseph,RE,77.38,scattered clouds,-21.3667,55.6167,"""Plantation Bed and Breakfast"
285,Dogondoutchi,NE,87.28,scattered clouds,13.6393,4.0287,H√¥tel Alheri Maison Alheri
288,Kaeo,NZ,68.77,overcast clouds,-35.1,173.7833,Bushido Lodge
289,Sao Filipe,CV,79.93,overcast clouds,14.8961,-24.4956,Hotel Xaguate
290,Along,IN,49.23,clear sky,28.1667,94.7667,Hotel West
291,Voh,NC,76.05,overcast clouds,-20.9667,164.7,Le g√Æte du Koniambo
292,Caravelas,BR,84.02,overcast clouds,-17.7125,-39.2481,Pousada dos Navegantes
293,Salta,AR,64.69,light intensity drizzle,-24.7859,-65.4117,Hotel Alejandro I
294,Truth Or Consequences,US,45.91,clear sky,33.1284,-107.2528,Charles Motel
297,Belmonte,BR,84.2,overcast clouds,-15.8631,-38.8828,Pousada Monte Carmelo O P√£o
298,Faya,SA,60.91,scattered clouds,18.3851,42.4509,ÿßŸÖŸÑÿßŸÉ ÿÆÿßŸÑÿØ ÿßŸÑÿ¥ÿπÿ¥Ÿàÿπ
301,Havre-Saint-Pierre,CA,34.16,overcast clouds,50.2334,-63.5986,Auberge Niapiskau
302,Kirakira,SB,77.54,overcast clouds,-10.4544,161.9205,SanBiz Lodge
303,Ponta Do Sol,PT,68.13,few clouds,32.6667,-17.1,Hotel do Campo
304,Itupiranga,BR,86.32,overcast clouds,-5.1347,-49.3267,Hotel Panorama
306,Sola,VU,77.92,overcast clouds,-13.8833,167.55,Leumerus Bungalows
308,Jalpa,MX,62.4,clear sky,21.6333,-102.9667,"Estacionamiento ""El Nogal"""
311,Tuatapere,NZ,51.82,overcast clouds,-46.1333,167.6833,Ron and Tony's Bed & Breakfast
313,Minna,NG,96.51,broken clouds,9.6139,6.5569,Royal Park hotel & suites
314,Kodiak,US,38.71,clear sky,57.79,-152.4072,Best Western Kodiak Inn And Convention Center
317,Kyabram,AU,71.87,clear sky,-36.3167,145.05,Kyabram Motor Inn
318,Vega De Alatorre,MX,73.89,overcast clouds,20.0333,-96.6333,Hotel Deluxe
319,Hami,CN,28.56,broken clouds,42.8,93.45,Laoyutang Resort
320,Manali,IN,81.07,few clouds,13.1667,80.2667,Sarathy Lodge
321,Bay Roberts,CA,43.52,overcast clouds,47.5999,-53.2648,Stonewall Inn
322,Torbay,CA,42.76,overcast clouds,47.6666,-52.7314,Gallows Cove
323,Najran,SA,74.05,few clouds,17.4924,44.1277,ŸÖÿ≠ŸÖÿØ ŸáÿßÿØŸä ÿßŸÑ ŸÅÿ∑Ÿäÿ≠
324,Manokwari,ID,77.0,overcast clouds,-0.8667,134.0833,Swiss Belhotel Manokwari
325,Quatre Cocos,MU,80.71,light rain,-20.2078,57.7625,Sunrise Attitude Hotel
326,Muyinga,BI,60.73,light rain,-2.8333,30.3333,Hotel Icizanye
327,Arlit,NE,78.4,clear sky,18.7369,7.3853,Case de Passage De la Prefecture
328,Cabra,ES,62.13,broken clouds,37.4725,-4.4421,MS Fuente Las Piedras
329,Benguela,AO,80.83,overcast clouds,-12.5763,13.4055,Hotel Praia Morena
330,Cidreira,BR,79.65,clear sky,-30.1811,-50.2056,Hotel Castelo
332,Oran,DZ,58.93,few clouds,35.6911,-0.6417,The Adress Residence SM
334,Kabarnet,KE,65.48,scattered clouds,0.4919,35.743,Valley-Inn Hotel
335,Seoul,KR,29.77,overcast clouds,37.5683,126.9778,LOTTE Hotel Seoul
336,Aloleng,PH,77.94,overcast clouds,16.1307,119.7824,Steve Walden and Emma Sison-Walden Residence
337,Kulhudhuffushi,MV,81.79,overcast clouds,6.6221,73.07,Haajy Guest House 1
338,Neuquen,AR,82.29,clear sky,-38.9516,-68.0591,Hotel del Comahue
339,Piedras Negras,MX,60.28,clear sky,28.7,-100.5167,"Holiday Inn Express & Suites Eagle Pass, an IHG Hotel"
340,Mangaratiba,BR,81.46,broken clouds,-22.9597,-44.0406,Portobello Resort & Safari
342,Mkushi,ZM,64.29,overcast clouds,-13.6202,29.3939,Mkushi Police Club
346,Vallenar,CL,84.56,clear sky,-28.5708,-70.7581,Humacao Bed & Breakfast
348,Kavaratti,IN,80.83,clear sky,10.5669,72.642,Hotels in Lakshadweep Islands
349,Chingola,ZM,64.38,light rain,-12.529,27.8838,Protea Hotel by Marriott Chingola
350,Young,UY,68.23,overcast clouds,-32.6833,-57.6333,Posada Gira el Sol
351,Lasa,IT,37.31,clear sky,46.6166,10.7002,Pension Feldg√§rtenhof
353,Wakkanai,JP,25.63,light snow,45.4094,141.6739,Hy≈çsetsu-s≈ç
354,Klaksvik,FO,40.12,overcast clouds,62.2266,-6.589,Airbnb rooms
355,Kralendijk,BQ,82.38,broken clouds,12.15,-68.2667,Divi Flamingo Beach Resort & Casino
356,Olafsvik,IS,28.18,broken clouds,64.8945,-23.7142,Hotel Olafsvik
358,Yulara,AU,73.24,clear sky,-25.2406,130.9889,Desert Gardens Hotel - Ayers Rock Resort
359,Port Elizabeth,ZA,73.69,clear sky,-33.918,25.5701,39 On Nile Guest House
360,Torres,BR,80.8,clear sky,-29.3353,-49.7269,Farol Hotel
361,Floresta,BR,90.05,broken clouds,-8.6011,-38.5686,Hotel Floresta
362,Sur,OM,70.61,clear sky,22.5667,59.5289,Sur Plaza Hotel
363,Yenagoa,NG,88.61,overcast clouds,4.9247,6.2642,Aridolf Resort Wellness and Spa
364,Byron Bay,AU,68.88,broken clouds,-28.65,153.6167,Backpackers Inn
367,Peque,CO,82.89,broken clouds,7.0212,-75.9093,Hotel Rodizzio
369,Nanortalik,GL,30.76,snow,60.1432,-45.2371,Hotel Kap Farvel
371,Puerto Carreno,CO,93.18,clear sky,6.189,-67.4859,Casa Hotel Victoria
372,Ivancsa,HU,40.28,clear sky,47.1567,18.8203,Pompos Pizz√©ria
373,Naze,JP,62.4,light rain,28.3667,129.4833,Shishime Hotel
374,Northam,GB,48.42,overcast clouds,51.0333,-4.2167,Durrant House Hotel
375,Malindi,KE,78.31,overcast clouds,-3.2175,40.1191,African House Resort
376,Borshchiv,UA,31.14,overcast clouds,48.8033,26.0435,Hotel Gostynniy Dvir
377,Phenix City,US,69.24,clear sky,32.471,-85.0008,Columbus Marriott
378,Charlestown,AU,70.74,overcast clouds,-32.95,151.6667,Panorama Motor Inn Hotel
379,Ranong,TH,76.42,broken clouds,9.9658,98.6348,Tinidee Hotel@Ranong
381,Puqi,CN,41.07,overcast clouds,29.7167,113.8833,Ramada Plaza Chibi
382,Dingle,PH,74.79,overcast clouds,10.9995,122.6711,SEGAYA PROPERTY
383,Marawi,PH,66.65,overcast clouds,7.9986,124.2928,Derogongan Residence
385,Atherton,GB,46.89,overcast clouds,53.5237,-2.4935,The Lion Inn
386,Blythe,US,71.04,clear sky,33.6103,-114.5964,Rodeway Inn & Suites
388,Lagoa,PT,60.04,overcast clouds,39.05,-27.9833,Casa Das Faias
389,Yarada,IN,77.32,mist,17.65,83.2667,Yarada Jungle Beach Resorts
390,Solaro,IT,46.85,clear sky,44.8799,9.1732,Il Covone di Grano
392,Yalta,UA,40.62,broken clouds,44.5,34.1667,Yalta Inturist
393,Larsnes,NO,42.62,overcast clouds,62.2028,5.5773,Liset Feriesenter AS
394,San Quintin,MX,70.7,clear sky,30.4833,-115.95,Don Eddie's Landing
396,Imbituba,BR,82.29,clear sky,-28.24,-48.6703,Praia Hotel Imbituba
397,Mulhouse,FR,41.59,clear sky,47.6667,7.4167,Auberge Saint-Laurent - HOTEL RESTAURANT
398,Bernalillo,US,42.66,few clouds,35.05,-106.6673,DoubleTree by Hilton Hotel Albuquerque
399,Chuy,UY,75.09,overcast clouds,-33.6971,-53.4616,Nuevo Hotel Plaza
400,Santiago,CL,90.28,clear sky,-33.4569,-70.6483,Che Lagarto Hostel Santiago
401,Guanare,VE,93.09,broken clouds,9.0418,-69.7421,Nuevo Hotel Coromoto
402,Maragogi,BR,85.77,broken clouds,-9.0122,-35.2225,Salinas do Maragogi All Inclusive Resort
403,Gillingham,GB,44.58,overcast clouds,51.3891,0.5486,King Charles Hotel in Kent
404,Nong Chik,TH,77.23,overcast clouds,6.8436,101.178,Bakkahland Farm and Resort
405,Kashan,IR,51.39,clear sky,33.9831,51.4364,Manouchehri Traditional House
407,Guilin,CN,42.91,overcast clouds,25.2819,110.2864,Grand 0773 Hotel
408,Vila Franca Do Campo,PT,65.19,overcast clouds,37.7167,-25.4333,Pestana Bahia Praia
409,Necochea,AR,68.04,clear sky,-38.5473,-58.7368,dyd -mar Hotel
410,Hervey Bay,AU,68.11,overcast clouds,-25.2986,152.8535,Shelly Bay Resort
411,Kindersley,CA,28.18,few clouds,51.4668,-109.1682,Kindersley Inn
412,Vila Velha,BR,76.95,light rain,-20.3297,-40.2925,Quality Suites Vila Velha
414,Bathsheba,BB,81.21,broken clouds,13.2167,-59.5167,Atlantis Hotel
415,Inirida,CO,91.53,overcast clouds,3.8653,-67.9239,Fuente del Guania Hotel de Lujo
417,Leiyang,CN,41.23,overcast clouds,26.4024,112.8591,Dongyang Hotel
418,Kilakarai,IN,78.49,overcast clouds,9.2333,78.7833,Kilakarai Home Stays
419,Alenquer,BR,84.54,overcast clouds,-1.9417,-54.7383,Detinha Hotel
421,Touros,BR,88.7,scattered clouds,-5.1989,-35.4608,INN NEW HORIZON
422,Namatanai,PG,78.06,light rain,-3.6667,152.4333,Seagulls Inn Namatani
424,Bloemfontein,ZA,76.48,clear sky,-29.1211,26.214,aha Bloemfontein Hotel
429,Puerto Escondido,MX,85.03,clear sky,15.85,-97.0667,Aldea del Bazar Hotel and Spa
432,Khani,GE,35.17,broken clouds,41.9563,42.9566,·Éô·É£·É†·Éù·É†·É¢·Éò ·Éñ·Éî·Éô·Éê·É†·Éò/Resort Zekari
433,Harrisonburg,US,56.26,broken clouds,38.4496,-78.8689,Hampton Inn Harrisonburg - University
434,Yazd,IR,48.31,overcast clouds,31.8972,54.3675,Mozaffar Traditional Hotel
437,Lorengau,PG,80.76,overcast clouds,-2.0226,147.2712,Lorengau Harbourside Hotel
438,Flinders,AU,67.8,overcast clouds,-34.5833,150.8552,Shellharbour Resort & Conference Centre
439,Bone,DE,35.71,overcast clouds,51.9669,12.1396,Sporthotel Wallwitz
440,Phuket,TH,87.1,broken clouds,8.0,98.25,The Surin
441,Sinnamary,GF,79.95,broken clouds,5.3833,-52.95,ALETHEIA Appartement Sinnamary
444,Roquetas De Mar,ES,59.61,clear sky,36.7642,-2.6148,Hotel Don √Ångel
445,Selfoss,IS,34.68,few clouds,63.9331,-20.9971,Selfoss HI Hostel
446,Keti Bandar,PK,71.33,clear sky,24.1447,67.4497,Haji laloo memon house
448,Gat,IL,57.88,clear sky,31.61,34.7642,OlusHome
450,Dumbravita,RO,31.08,scattered clouds,45.7667,25.4333,Cabana YouTube
451,Sabinas Hidalgo,MX,65.79,clear sky,26.5,-100.1667,Hotel Real Santiago De Las Sabinas
452,Porterville,US,61.72,clear sky,36.0652,-119.0168,"Holiday Inn Express & Suites Porterville, an IHG Hotel"
455,Shasta Lake,US,57.92,clear sky,40.6804,-122.3708,Shasta Dam Motel
457,Jablah,SY,53.89,clear sky,35.3614,35.9256,ÿ®ÿ≥ÿ™ÿßŸÜ ÿµÿßŸÑÿ≠
458,Mityana,UG,72.99,overcast clouds,0.4175,32.0228,Green Valley Hotel
459,General Nakar,PH,75.27,overcast clouds,14.7631,121.635,WMV Hotel & Restaurant
460,Honiara,SB,76.28,overcast clouds,-9.4333,159.95,Heritage Park Hotel
462,Jalu,LY,60.13,clear sky,29.0331,21.5482,ÿµÿßÿ≠ÿ®ÿ© ÿßŸÑŸÅÿÆÿßŸÖÿ©
463,Lagunas,PE,84.4,overcast clouds,-5.2269,-75.6753,Hospedaje Eco
464,Mocuba,MZ,74.1,light rain,-16.8392,36.9856,Phama Lodge
466,Richards Bay,ZA,76.71,clear sky,-28.783,32.0377,BON Hotel Waterfront Richards Bay
467,Tulsipur,NP,51.31,clear sky,28.131,82.2973,Ekanta Hotel Pvt. Ltd
468,Poso,ID,75.2,overcast clouds,-1.3959,120.7524,Hotel 77 Poso
469,Yinchuan,CN,28.51,overcast clouds,38.4681,106.2731,JJ Inns - Yinchuan New Moon Square Branch
471,Mendoza,AR,71.13,clear sky,-32.8908,-68.8272,Hotel Mendoza
472,Esna,EG,69.82,clear sky,25.2934,32.554,Orient Star Dahabyia Isna 05 Nights Each Sunday
473,Alexandria,EG,59.54,few clouds,31.2156,29.9553,Royal Crown Hotel
474,Jinchang,CN,24.35,overcast clouds,38.4953,102.1739,Mingshihui Jinchang International Hotel
476,Laguna,US,67.96,clear sky,38.421,-121.4238,"Holiday Inn Express & Suites Elk Grove Central - Hwy 99, an IHG Hotel"
477,Barsi,IN,75.81,clear sky,18.2333,75.7,B.K.T. COMMUNICATION AND FASHION
478,Vila,PT,49.75,broken clouds,42.0304,-8.1588,Hotel Castrum Villae by Walk Hotels
479,Leavenworth,US,23.59,clear sky,39.2333,-95.0336,Suncatcher Lake RV Park
480,Omboue,GA,80.82,broken clouds,-1.5746,9.2618,Hotel Olako
481,Camana,PE,75.36,scattered clouds,-16.6228,-72.7111,Hostal Morales
482,Tabuk,PH,69.94,overcast clouds,17.4189,121.4443,Golden Berries Hotel and Convention
483,Dzaoudzi,YT,80.49,clear sky,-12.7887,45.2699,Le Rocher
484,Veraval,IN,70.59,clear sky,20.9,70.3667,Lords Inn Somnath
485,Rio Grande,BR,81.88,few clouds,-32.035,-52.0986,Hotel Atl√¢ntico Rio Grande
487,Port Hedland,AU,84.25,scattered clouds,-20.3167,118.5667,"The Esplanade Hotel (Accommodation section closed for refurbishment - Bar, Restaurant & Functions remain open)"
490,La Primavera,CO,90.27,overcast clouds,5.4906,-70.4092,La Riviera Hotel Colonial
492,Mehamn,NO,26.55,broken clouds,71.0357,27.8492,Mehamn Arctic Hotel AS
493,Oistins,BB,80.69,broken clouds,13.0667,-59.5333,Butterfly Beach Hotel
494,Denpasar,ID,82.06,scattered clouds,-8.65,115.2167,ASTON Denpasar Hotel & Convention Center
496,Barreirinhas,BR,85.77,overcast clouds,-2.7469,-42.8264,Gran Len√ß√≥is Flat Residence
497,Faanui,PF,79.74,light rain,-16.4833,-151.75,Bora-Bora Pearl Beach Resort & Spa
498,Viedma,AR,81.3,overcast clouds,-40.8135,-62.9967,Hotel Cristal
499,Kismayo,SO,77.38,broken clouds,-0.3582,42.5454,Agan-Hotel
500,Gunjur,GM,95.07,clear sky,13.2019,-16.7339,Dalaba Eco-Lodge Gambia
501,Maningrida,AU,80.58,clear sky,-12.0667,134.2667,Dhukurrdji Lodge
502,Maciel,AR,80.1,overcast clouds,-32.4557,-60.8874,Log cabins Oliveros
503,Birjand,IR,46.87,broken clouds,32.8663,59.2211,Birjand Tourist Hotel
504,Santa Cruz,BO,80.65,light rain,-17.8,-63.1667,Aviador Hotel Boutique
505,Kupang,ID,78.13,overcast clouds,-10.1667,123.5833,Hotel On The Rock by Prasanthi
506,Langsa,ID,75.31,broken clouds,4.4683,97.9683,OYO 2964 Hotel Ridho
507,Belaya Glina,RU,44.42,overcast clouds,46.07,40.86,Zolotoy Kolos
508,Vieux-Habitants,GP,82.71,clear sky,16.0589,-61.7659,G√Ætes Dardanelle
509,Saint-Francois,FR,41.68,clear sky,46.4154,3.9054,Manoir Du Bonheur
510,Nizwa,OM,69.85,clear sky,22.9333,57.5333,Orient Apartments
511,Buala,SB,76.48,light rain,-8.145,159.5921,Maringe Lagoon Lodge
513,Kavieng,PG,80.83,light rain,-2.5744,150.7967,Nusa Island Retreat
514,Djambala,CG,78.03,overcast clouds,-2.5447,14.7533,Hotel Ravin D'or
515,Karlskoga,SE,37.06,light rain,59.3267,14.5239,Hotel Alfred Nobel
517,Mahajanga,MG,81.28,scattered clouds,-15.7167,46.3167,Restaurant Greedy Coco Lodge Majunga
519,Dali,CN,41.0,clear sky,25.7,100.1833,Dali Travelling With Hostel
520,Ambatondrazaka,MG,67.89,broken clouds,-17.8333,48.4167,MANAMBINA Hotel
521,Meulaboh,ID,77.85,broken clouds,4.1363,96.1285,Kost Pria
523,Zhumadian,CN,37.08,broken clouds,32.9794,114.0294,Ouyue House Hotel
524,Mokolo,CM,79.25,scattered clouds,10.7398,13.8019,Diwa H√¥tel
525,Summerside,CA,46.83,overcast clouds,46.3959,-63.7876,Summerside Inn Bed and Breakfast
526,Bartica,GY,80.92,overcast clouds,6.4,-58.6167,Sloth Island Nature Resort
528,Puerto Baquerizo Moreno,EC,83.39,few clouds,-0.9,-89.6,Hotel los Algarrobos
531,Allende,MX,76.75,clear sky,25.2833,-100.0167,Ecovergel Hotel Boutique
532,Fare,PF,80.87,light rain,-16.7,-151.0167,Maitai Lapita Village Huahine
534,Galle,LK,76.59,overcast clouds,6.0367,80.217,Amangalla
535,Puerto Del Rosario,ES,71.28,few clouds,28.5004,-13.8627,Hotel JM Puerto del Rosario
537,Enid,US,30.31,clear sky,36.3956,-97.8784,Ramada by Wyndham Enid
538,Sechura,PE,80.46,overcast clouds,-5.5569,-80.8222,Hospedaje Costa Bella
539,Rush,IE,50.97,scattered clouds,53.5223,-6.0931,Sandyhills B&B
540,Ko Samui,TH,82.63,broken clouds,9.5357,99.9357,The Passage
542,Pishin,PK,48.9,clear sky,30.5803,66.9961,City Hotel Pishin
544,Locri,IT,58.24,overcast clouds,38.2414,16.2623,Grand Hotel President
547,Jackson,US,63.64,clear sky,42.4165,-122.8345,Agate Village Apartments
549,Hope,US,43.75,light rain,33.6671,-93.5916,Best Western Hope
552,Ypsonas,CY,58.28,clear sky,34.6884,32.9574,Club Aphrodite
553,Fougeres,FR,42.66,overcast clouds,48.35,-1.2,Best Western Hotel des Voyageurs
555,Finnsnes,NO,22.96,broken clouds,69.2296,17.9811,Finnsnes Hotel - A SNR Hotel
558,Awjilah,LY,60.26,clear sky,29.1081,21.2869,ÿßŸÑŸÖŸÜÿ≤ŸÑ
559,Saiha,IN,49.24,clear sky,22.4833,92.9667,"Circuit House, Siaha"
561,Caltagirone,IT,51.51,overcast clouds,37.2368,14.5126,Hotel NH Caltagirone Villa San Mauro
562,Bubaque,GW,81.73,clear sky,11.2833,-15.8333,"Casa Dora, Bubaque"
564,Antofagasta,CL,74.21,clear sky,-23.65,-70.4,"Holiday Inn Express Antofagasta, an IHG Hotel"
565,Sorong,ID,77.9,overcast clouds,-0.8833,131.25,Waigo Splash Hotel
566,Lazurne,UA,35.02,scattered clouds,46.084,32.5295,New Manna Hostel
568,Bagotville,AU,63.64,broken clouds,-28.9833,153.4167,Broadwater Sunrise Caravan Park
569,Briancon,FR,36.37,broken clouds,44.9,6.65,Auberge de la Paix
573,Ipoh,MY,78.71,scattered clouds,4.5841,101.0829,Ritz Garden Hotel
574,Lata,PT,59.72,overcast clouds,40.1629,-8.3327,Casa Maquia
575,Grindavik,IS,25.27,clear sky,63.8424,-22.4338,Northern Light Inn & Max's Restaurant
577,Port Pirie,AU,74.32,broken clouds,-33.1833,138.0167,John Pirie Motor Inn
578,Malanje,AO,71.19,light rain,-9.5402,16.341,Hotel Ginga
579,Pizarro,CO,80.53,light rain,4.9533,-77.366,Hotel Limonar
580,Santa Marta,CO,96.35,few clouds,11.2408,-74.199,Casa de Isabella
582,Nemuro,JP,21.6,broken clouds,43.3236,145.575,Hotel Nemuro Kaiyoutei
583,Payson,US,45.55,scattered clouds,40.0444,-111.7321,Quality Inn Payson I-15
584,Jumla,NP,28.78,clear sky,29.2747,82.1838,Royal Garden Hotel
586,Murud,IN,73.58,clear sky,18.3258,72.965,On Point Plaza
587,Mackenzie,CA,34.02,overcast clouds,55.2999,-123.1698,Hilton Shop
588,Twentynine Palms,US,74.48,few clouds,34.1356,-116.0542,"Holiday Inn Express & Suites Twentynine Palms- Joshua Tree, an IHG Hotel"
589,Paysandu,UY,69.6,overcast clouds,-32.3214,-58.0756,Gran Hotel Paysand√∫
590,Iralaya,HN,84.29,clear sky,15.0,-83.2333,Iglesia morava renovada
591,Sabang,ID,82.53,broken clouds,5.8933,95.3214,Hotel Citra
592,Thaton,MM,72.0,few clouds,16.9206,97.3714,"Shwe Pyi Soe Guest House, Thaton"
593,Alibag,IN,77.07,clear sky,18.6411,72.8792,"Radisson Blu Resort & Spa - Alibaug, India"
594,Beni,CD,72.7,overcast clouds,0.5,29.4667,Albertine hotel
595,Blackwater,AU,70.47,few clouds,-23.5833,148.8833,Blackwater Motor Inn
596,Bridlington,GB,44.89,overcast clouds,54.0831,-0.1919,Expanse Bridlington Seafront Hotel
599,Lincoln,US,23.16,few clouds,40.8,-96.667,Courtyard by Marriott Lincoln Downtown/Haymarket
602,Laurel,US,58.28,clear sky,39.0993,-76.8483,Days Inn & Suites by Wyndham Laurel Near Fort Meade
603,Dubbo,AU,60.93,clear sky,-32.25,148.6167,Quality Inn Dubbo International
604,Senj,HR,47.07,scattered clouds,44.9894,14.9058,Roza Guest House
605,Bafq,IR,53.37,overcast clouds,31.6128,55.4107,Alamdar Hotel
606,Taltal,CL,71.33,clear sky,-25.4,-70.4833,Residencial Karime
607,Pilar,BR,87.73,broken clouds,-9.5972,-35.9567,Pousada e churrascaria Manguaba
608,Kashi,CN,40.21,overcast clouds,39.4547,75.9797,Â∏ïÁ±≥Â∞îÈùíÂπ¥ÊóÖËàç
609,Pyay,MM,64.69,overcast clouds,18.8167,95.2167,Shwe Pyi Thar
610,Saurimo,AO,68.76,moderate rain,-9.6608,20.3916,Hotel Kawissa Saurimo
611,Dunedin,NZ,50.81,overcast clouds,-45.8742,170.5036,Scenic Hotel Southern Cross
612,Izumo,JP,33.75,scattered clouds,35.3667,132.7667,Toyoko-Inn Izumoshi ekimae
613,Sistranda,NO,35.91,light rain,63.7256,8.834,Hotell Fr√∏ya
614,Jacareacanga,BR,83.8,overcast clouds,-6.2222,-57.7528,Casa do Ianüòé
616,Suratgarh,IN,63.63,clear sky,29.3167,73.9,Maharaja Hotel
617,Kankon,IN,75.87,clear sky,15.0167,74.0167,Palolem Beach Resort
618,Mattru,SL,94.44,broken clouds,7.6244,-11.8332,"Mondkor Town, Bagbo Chiefdom, Bo District"
619,Yabrud,SY,40.66,clear sky,33.9674,36.6574,ÿµÿßŸÑÿ© ÿßŸÅÿ±ÿßÿ≠ ÿßŸÑÿßŸÜÿØŸÑÿ≥
620,Sakakah,SA,56.77,clear sky,29.9697,40.2064,Fakhamat Al Orjoana Apartment
621,Uttarkashi,IN,47.79,clear sky,30.7333,78.45,Anand Ganga
622,Marsh Harbour,BS,76.21,light rain,26.5412,-77.0636,Abaco Beach Resort
623,Ginir,ET,64.47,scattered clouds,7.1333,40.7,Sura Dare Village
625,Naples,IT,56.01,scattered clouds,40.8333,14.25,Renaissance Naples Hotel Mediterraneo
626,Rock Sound,BS,77.27,clear sky,24.9,-76.2,Pink Corral Bay Property
630,Cumberland,US,70.09,clear sky,35.0502,-78.8664,American Eagle Inn
631,Santa Cruz Del Norte,CU,83.01,few clouds,23.1539,-81.9236,Rioger Art
632,Wanning,CN,65.59,overcast clouds,18.8003,110.3967,Paradise Hotel
633,San Andres,CO,86.02,scattered clouds,12.5847,-81.7006,Hotel Arena Blanca
634,Llandrindod Wells,GB,47.28,overcast clouds,52.2416,-3.3787,Metropole Hotel and Spa
636,Nanzhang,CN,39.16,broken clouds,31.7765,111.8386,Longmenkezhan
637,Mutoko,ZW,67.44,overcast clouds,-17.397,32.2268,Mutoko Hotel
638,Bata,GQ,85.86,scattered clouds,1.8639,9.7658,Hotel Elik Melen
639,Pagudpud,PH,74.32,overcast clouds,18.5616,120.7868,Saud Beach Resort and Hotel - 2
640,Mao,ES,54.16,clear sky,39.8885,4.2658,ARTIEM Capri
641,Velikiy Ustyug,RU,22.33,snow,60.7644,46.3106,Dvina
642,Muros,ES,56.23,scattered clouds,42.7762,-9.0603,Apartment Av. Castelao
643,Chimbote,PE,76.41,overcast clouds,-9.0853,-78.5783,Hotel Viera Chimbote
645,Inverness,GB,46.38,few clouds,57.4791,-4.224,Glen Mhor Hotel & Apartments
648,Jodhpur,IN,64.63,clear sky,26.2867,73.03,"Umaid Bhawan Palace, Jodhpur"
649,Pokhara,NP,51.42,clear sky,28.2333,83.9833,Butterfly Lodge
650,Malkara,TR,44.6,overcast clouds,40.89,26.9011,√útƒüm Korel Lojmanƒ±
651,Isangel,VU,79.21,overcast clouds,-19.55,169.2667,Tanna Lodge
653,Judenburg,AT,36.32,few clouds,47.1667,14.6667,Schloss Gabelhofen
654,Sedam,IN,74.79,scattered clouds,17.1773,77.2824,Lakshmi Krupa
656,Kalmar,SE,36.14,overcast clouds,56.6616,16.3616,First Hotel Witt
657,Samarai,PG,80.31,overcast clouds,-10.6167,150.6667,Nuli Sapi
658,Formosa,AR,84.18,overcast clouds,-26.1775,-58.1781,Hotel Portal del Sol
662,Tual,ID,82.6,few clouds,-5.6667,132.75,Grand Vilia Hotel
663,Joutseno,FI,28.45,overcast clouds,61.118,28.5076,Joutseno.BB
664,Huittinen,FI,31.59,overcast clouds,61.1833,22.7,Mommolan Motelli
665,Ilo,PE,72.46,clear sky,-17.6394,-71.3375,Torreblanca Hotel
666,Shatsk,RU,22.57,broken clouds,54.0258,41.7119,Turist
667,Rybnaya Sloboda,RU,28.38,light snow,55.4613,50.1409,–ì–æ—Å—Ç–∏–Ω–∏—Ü–∞ –ê—è–∑
668,Kurilsk,RU,27.84,light snow,45.2333,147.8833,Hotel Ostrov
669,Mount Isa,AU,74.97,scattered clouds,-20.7333,139.5,ibis Styles Mt Isa Verona
670,Itaueira,BR,86.56,light rain,-7.6033,-43.0256,Pousada e Restaurante Cheiro e Sabor
671,Lengshuijiang,CN,39.49,overcast clouds,27.6881,111.4294,Sheraton
673,Rocha,UY,67.6,overcast clouds,-34.4833,-54.3333,Hotel Arrarte
675,Lakatoro,VU,79.47,overcast clouds,-16.0999,167.4164,Lakatoro Palm Lodge
676,Mount Pleasant,US,69.98,clear sky,32.7941,-79.8626,Best Western Patriots Point
679,Russell,US,68.38,clear sky,32.3502,-85.1999,Macs
